{
    "races": [
        "dragonborn",
        "dwarf",
        "elf",
        "gnome",
        "half-elf",
        "halfling",
        "half-orc",
        "human",
        "tiefling"
    ],
    "genders": [
        "male",
        "female"
    ],
    "morals": [
        "lawful",
        "neutral",
        "chaotic"
    ],
    "ethics": [
        "good",
        "neutral",
        "evil"
    ],
    "names": {
        "dragonborn": {
            "male": [
                "Arjhan",
                "Balasar",
                "Bharash",
                "Donaar",
                "Ghesh",
                "Heskan",
                "Kriv",
                "Medrash",
                "Mehen",
                "Nadarr",
                "Pandjed",
                "Patrin",
                "Rhogar",
                "Shamash",
                "Shedinn",
                "Tarhun",
                "Torinn"
            ],
            "female": [
                "Akra",
                "Biri",
                "Daar",
                "Farideh",
                "Harann",
                "Havilar",
                "Jheri",
                "Kava",
                "Korinn",
                "Mishann",
                "Nala",
                "Perra",
                "Raiann",
                "Sora",
                "Surina",
                "Thava",
                "Uadjit"
            ],
            "othername": [
                "Clethtinthiallor",
                "Daardendrian",
                "Delmirev",
                "Drachedandion",
                "Fenkenkabradon",
                "Kepeshkmolik",
                "Kerrhylon",
                "Kimbatuul",
                "Linxakasendalor",
                "Myastan",
                "Nemmonis",
                "Norixius",
                "Ophinshtalajiir",
                "Prexijandilin",
                "Shestendeliath",
                "Turnuroth",
                "Verthisathurgiesh",
                "Yarjerit"
            ]
        },
        "dwarf": {
            "male": [
                "Adrik",
                "Alberich",
                "Baern",
                "Barendd",
                "Brottor",
                "Bruenor",
                "Dain",
                "Darrak",
                "Delg",
                "Eberk",
                "Einkil",
                "Fargrim",
                "Flint",
                "Gardain",
                "Harbek",
                "Kildrak",
                "Morgran",
                "Orsik",
                "Oskar",
                "Rangrim",
                "Rurik",
                "Taklinn",
                "Thoradin",
                "Thorin",
                "Tordek",
                "Traubon",
                "Travok",
                "Ulfgar",
                "Veit",
                "Vondal"
            ],
            "female": [
                "Amber",
                "Artin",
                "Audhild",
                "Bardryn",
                "Dagnal",
                "Diesa",
                "Eldeth",
                "Falkrunn",
                "Finellen",
                "Gunnloda",
                "Gurdis",
                "Helja",
                "Hlin",
                "Kathra",
                "Kristryd",
                "Ilde",
                "Liftrasa",
                "Mardred",
                "Riswynn",
                "Sannl",
                "Torbera",
                "Torgga",
                "Vistra"
            ],
            "othername": [
                "Balderk",
                "Battlehammer",
                "Brawnanvil",
                "Dankil",
                "Fireforge",
                "Frostbeard",
                "Gorunn",
                "Holderhek",
                "Ironfist",
                "Loderr",
                "Lutgehr",
                "Rumnaheim",
                "Strakeln",
                "Torunn",
                "Ungart"
            ]
        },
        "elf": {
            "male": [
                "Adran",
                "Aelar",
                "Aramil",
                "Arannis",
                "Aust",
                "Beiro",
                "Berrian",
                "Carric",
                "Enialis",
                "Erdan",
                "Erevan",
                "Galinndan",
                "Hadarai",
                "Heian",
                "Himo",
                "Immeral",
                "Ivellios",
                "Laucian",
                "Mindartis",
                "Paelias",
                "Peren",
                "Quarion",
                "Riardon",
                "Rolen",
                "Soveliss",
                "Thamior",
                "Tharivol",
                "Theren",
                "Varis"
            ],
            "female": [
                "Adrie",
                "Althaea",
                "Anastrianna",
                "Andraste",
                "Antinua",
                "Bethrynna",
                "Birel",
                "Caelynn",
                "Drusilia",
                "Enna",
                "Felosial",
                "Ielenia",
                "Jelenneth",
                "Keyleth",
                "Leshanna",
                "Lia",
                "Meriele",
                "Mialee",
                "Naivara",
                "Quelenna",
                "Quillathe",
                "Sariel",
                "Shanairra",
                "Shava",
                "Silaqui",
                "Theirastra",
                "Thia",
                "Vadania",
                "Valanthe",
                "Xanaphia"
            ],
            "othername": [
                "Amakiir (Gemflower)",
                "Amastacia (Starflower)",
                "Galanodel (Moonwhisper)",
                "Holimion (Diamonddew)",
                "Ilphelkiir (Gemblossom)",
                "Liadon (Silverfrond)",
                "Meliamne (Oakenheel)",
                "Naïlo (Nightbreeze)",
                "Siannodel (Moonbrook)",
                "Xiloscient (Goldpetal)"
            ]
        },
        "gnome": {
            "male": [
                "Alston",
                "Alvyn",
                "Boddynock",
                "Brocc",
                "Burgell",
                "Dimble",
                "Eldon",
                "Erky",
                "Fonkin",
                "Frug",
                "Gerbo",
                "Gimble",
                "Glim",
                "Jebeddo",
                "Kellen",
                "Namfoodle",
                "Orryn",
                "Roondar",
                "Seebo",
                "Sindri",
                "Warryn",
                "Wrenn",
                "Zook"
            ],
            "female": [
                "Bimpnottin",
                "Breena",
                "Caramip",
                "Carlin",
                "Donella",
                "Duvamil",
                "Ella",
                "Ellyjobell",
                "Ellywick",
                "Lilli",
                "Loopmottin",
                "Lorilla",
                "Mardnab",
                "Nissa",
                "Nyx",
                "Oda",
                "Orla",
                "Roywyn",
                "Shamil",
                "Tana",
                "Waywocket",
                "Zanna"
            ],
            "othername": [
                "Beren",
                "Daergel",
                "Folkor",
                "Garrick",
                "Nackle",
                "Murnig",
                "Ningel",
                "Raulnor",
                "Scheppen",
                "Timbers",
                "Turen"
            ]
        },
        "half-elf": {
            "male": [
                "Adran",
                "Aelar",
                "Aramil",
                "Arannis",
                "Aust",
                "Beiro",
                "Berrian",
                "Carric",
                "Enialis",
                "Erdan",
                "Erevan",
                "Galinndan",
                "Hadarai",
                "Heian",
                "Himo",
                "Immeral",
                "Ivellios",
                "Laucian",
                "Mindartis",
                "Paelias",
                "Peren",
                "Quarion",
                "Riardon",
                "Rolen",
                "Soveliss",
                "Thamior",
                "Tharivol",
                "Theren",
                "Varis",
                "Aseir",
                "Bardeid",
                "Haseid",
                "Khemed",
                "Mehmen",
                "Sudeiman",
                "Zasheir",
                "Darvin",
                "Dorn",
                "Evendur",
                "Gorstag",
                "Grim",
                "Helm",
                "Malark",
                "Morn",
                "Randal",
                "Stedd",
                "Bor",
                "Fodel",
                "Glar",
                "Grigor",
                "Igan",
                "Ivor",
                "Kosef",
                "Mival",
                "Orel",
                "Pavel",
                "Sergor",
                "Ander",
                "Blath",
                "Bran",
                "Frath",
                "Geth",
                "Lander",
                "Luth",
                "Malcer",
                "Stor",
                "Taman",
                "Urth",
                "Aoth",
                "Bareris",
                "Ehput-Ki",
                "Kethoth",
                "Mumed",
                "Ramas",
                "So-Kehur",
                "Thazar-De",
                "Urhur",
                "Borivik",
                "Faurgar",
                "Jandar",
                "Kanithar",
                "Madislak",
                "Ralmevik",
                "Shaumar",
                "Vladislak",
                "An",
                "Chen",
                "Chi",
                "Fai",
                "Jiang",
                "Jun",
                "Lian",
                "Long",
                "Meng",
                "On",
                "Shan",
                "Shui",
                "Wen",
                "Anton",
                "Diero",
                "Marcon",
                "Pieron",
                "Rimardo",
                "Romero",
                "Salazar",
                "Umbero"
            ],
            "female": [
                "Adrie",
                "Althaea",
                "Anastrianna",
                "Andraste",
                "Antinua",
                "Bethrynna",
                "Birel",
                "Caelynn",
                "Drusilia",
                "Enna",
                "Felosial",
                "Ielenia",
                "Jelenneth",
                "Keyleth",
                "Leshanna",
                "Lia",
                "Meriele",
                "Mialee",
                "Naivara",
                "Quelenna",
                "Quillathe",
                "Sariel",
                "Shanairra",
                "Shava",
                "Silaqui",
                "Theirastra",
                "Thia",
                "Vadania",
                "Valanthe",
                "Xanaphia",
                "Atala",
                "Ceidil",
                "Hama",
                "Jasmal",
                "Meilil",
                "Seipora",
                "Yasheira",
                "Zasheida",
                "Arveene",
                "Esvele",
                "Jhessail",
                "Kerri",
                "Lureene",
                "Miri",
                "Rowan",
                "Shandri",
                "Tessele",
                "Alethra",
                "Kara",
                "Katernin",
                "Mara",
                "Natali",
                "Olma",
                "Tana",
                "Zora",
                "Amafrey",
                "Betha",
                "Cefrey",
                "Kethra",
                "Mara",
                "Olga",
                "Silifrey",
                "Westra",
                "Arizima",
                "Chathi",
                "Nephis",
                "Nulara",
                "Murithi",
                "Sefris",
                "Thola",
                "Umara",
                "Zolis",
                "Fyevarra",
                "Hulmarra",
                "Immith",
                "Imzel",
                "Navarra",
                "Shevarra",
                "Tammith",
                "Yuldra",
                "Bai",
                "Chao",
                "Jia",
                "Lei",
                "Mei",
                "Qiao",
                "Shui",
                "Tai",
                "Balama",
                "Dona",
                "Faila",
                "Jalana",
                "Luisa",
                "Marta",
                "Quara",
                "Selise",
                "Vonda"
            ],
            "othername": [
                "Amakiir (Gemflower)",
                "Amastacia (Starflower)",
                "Galanodel (Moonwhisper)",
                "Holimion (Diamonddew)",
                "Ilphelkiir (Gemblossom)",
                "Liadon (Silverfrond)",
                "Meliamne (Oakenheel)",
                "Naïlo (Nightbreeze)",
                "Siannodel (Moonbrook)",
                "Xiloscient (Goldpetal)",
                "Basha",
                "Dumein",
                "Jassan",
                "Khalid",
                "Mostana",
                "Pashar",
                "Rein",
                "Amblecrown",
                "Buckman",
                "Dundragon",
                "Evenwood",
                "Greycastle",
                "Tallstag",
                "Bersk",
                "Chernin",
                "Dotsk",
                "Kulenov",
                "Marsk",
                "Nemetsk",
                "Shemov",
                "Starag",
                "Brightwood",
                "Helder",
                "Hornraven",
                "Lackman",
                "Stormwind",
                "Windrivver",
                "Ankhalab",
                "Anskuld",
                "Fezim",
                "Hahpet",
                "Nathandem",
                "Sepret",
                "Uuthrakt",
                "Chergoba",
                "Dyernina",
                "Iltazyara",
                "Murnyethara",
                "Stayanoga",
                "Ulmokina",
                "Chien",
                "Huang",
                "Kao",
                "Kung",
                "Lao",
                "Ling",
                "Mei",
                "Pin",
                "Shin",
                "Sum",
                "Tan",
                "Wan",
                "Agosto",
                "Astorio",
                "Calabra",
                "Domine",
                "Falone",
                "Marivaldi",
                "Pisacar",
                "Ramondo"
            ]
        },
        "halfling": {
            "male": [
                "Alton",
                "Ander",
                "Cade",
                "Corrin",
                "Eldon",
                "Errich",
                "Finnan",
                "Garret",
                "Lindal",
                "Lyle",
                "Merric",
                "Milo",
                "Osborn",
                "Perrin",
                "Reed",
                "Roscoe",
                "Wellby"
            ],
            "female": [
                "Andry",
                "Bree",
                "Callie",
                "Cora",
                "Euphemia",
                "Jillian",
                "Kithri",
                "Lavinia",
                "Lidda",
                "Merla",
                "Nedda",
                "Paela",
                "Portia",
                "Seraphina",
                "Shaena",
                "Trym",
                "Vani",
                "Verna"
            ],
            "othername": [
                "Brushgather",
                "Goodbarrel",
                "Greenbottle",
                "High-hill",
                "Hilltopple",
                "Leagallow",
                "Tealeaf",
                "Thorngage",
                "Tosscobble",
                "Underbough"
            ]
        },
        "half-orc": {
            "male": [
                "Dench",
                "Feng",
                "Gell",
                "Henk",
                "Holg",
                "Imsh",
                "Keth",
                "Krusk",
                "Mhurren",
                "Ront",
                "Shump",
                "Thokk"
            ],
            "female": [
                "Baggi",
                "Emen",
                "Engong",
                "Kansif",
                "Myev",
                "Neega",
                "Ovak",
                "Ownka",
                "Shautha",
                "Sutha",
                "Vola",
                "Volen",
                "Yevelda"
            ],
            "othername": [
                ""
            ]
        },
        "human": {
            "male": [
                "Aseir",
                "Bardeid",
                "Haseid",
                "Khemed",
                "Mehmen",
                "Sudeiman",
                "Zasheir",
                "Darvin",
                "Dorn",
                "Evendur",
                "Gorstag",
                "Grim",
                "Helm",
                "Malark",
                "Morn",
                "Randal",
                "Stedd",
                "Bor",
                "Fodel",
                "Glar",
                "Grigor",
                "Igan",
                "Ivor",
                "Kosef",
                "Mival",
                "Orel",
                "Pavel",
                "Sergor",
                "Ander",
                "Blath",
                "Bran",
                "Frath",
                "Geth",
                "Lander",
                "Luth",
                "Malcer",
                "Stor",
                "Taman",
                "Urth",
                "Aoth",
                "Bareris",
                "Ehput-Ki",
                "Kethoth",
                "Mumed",
                "Ramas",
                "So-Kehur",
                "Thazar-De",
                "Urhur",
                "Borivik",
                "Faurgar",
                "Jandar",
                "Kanithar",
                "Madislak",
                "Ralmevik",
                "Shaumar",
                "Vladislak",
                "An",
                "Chen",
                "Chi",
                "Fai",
                "Jiang",
                "Jun",
                "Lian",
                "Long",
                "Meng",
                "On",
                "Shan",
                "Shui",
                "Wen",
                "Anton",
                "Diero",
                "Marcon",
                "Pieron",
                "Rimardo",
                "Romero",
                "Salazar",
                "Umbero",
                "Matt"
            ],
            "female": [
                "Atala",
                "Ceidil",
                "Hama",
                "Jasmal",
                "Meilil",
                "Seipora",
                "Yasheira",
                "Zasheida",
                "Arveene",
                "Esvele",
                "Jhessail",
                "Kerri",
                "Lureene",
                "Miri",
                "Rowan",
                "Shandri",
                "Tessele",
                "Alethra",
                "Kara",
                "Katernin",
                "Mara",
                "Natali",
                "Olma",
                "Tana",
                "Zora",
                "Amafrey",
                "Betha",
                "Cefrey",
                "Kethra",
                "Mara",
                "Olga",
                "Silifrey",
                "Westra",
                "Arizima",
                "Chathi",
                "Nephis",
                "Nulara",
                "Murithi",
                "Sefris",
                "Thola",
                "Umara",
                "Zolis",
                "Fyevarra",
                "Hulmarra",
                "Immith",
                "Imzel",
                "Navarra",
                "Shevarra",
                "Tammith",
                "Yuldra",
                "Bai",
                "Chao",
                "Jia",
                "Lei",
                "Mei",
                "Qiao",
                "Shui",
                "Tai",
                "Balama",
                "Dona",
                "Faila",
                "Jalana",
                "Luisa",
                "Marta",
                "Quara",
                "Selise",
                "Vonda"
            ],
            "othername": [
                "Basha",
                "Dumein",
                "Jassan",
                "Khalid",
                "Mostana",
                "Pashar",
                "Rein",
                "Amblecrown",
                "Buckman",
                "Dundragon",
                "Evenwood",
                "Greycastle",
                "Tallstag",
                "Bersk",
                "Chernin",
                "Dotsk",
                "Kulenov",
                "Marsk",
                "Nemetsk",
                "Shemov",
                "Starag",
                "Brightwood",
                "Helder",
                "Hornraven",
                "Lackman",
                "Stormwind",
                "Windrivver",
                "Ankhalab",
                "Anskuld",
                "Fezim",
                "Hahpet",
                "Nathandem",
                "Sepret",
                "Uuthrakt",
                "Chergoba",
                "Dyernina",
                "Iltazyara",
                "Murnyethara",
                "Stayanoga",
                "Ulmokina",
                "Chien",
                "Huang",
                "Kao",
                "Kung",
                "Lao",
                "Ling",
                "Mei",
                "Pin",
                "Shin",
                "Sum",
                "Tan",
                "Wan",
                "Agosto",
                "Astorio",
                "Calabra",
                "Domine",
                "Falone",
                "Marivaldi",
                "Pisacar",
                "Ramondo",
                "Mercer"
            ]
        },
        "tiefling": {
            "male": [
                "Akmenos",
                "Amnon",
                "Barakas",
                "Damakos",
                "Ekemon",
                "Iados",
                "Kairon",
                "Leucis",
                "Melech",
                "Mordai",
                "Morthos",
                "Pelaios",
                "Skamos",
                "Therai"
            ],
            "female": [
                "Akta",
                "Anakis",
                "Bryseis",
                "Criella",
                "Damaia",
                "Ea",
                "Kallista",
                "Lerissa",
                "Makaria",
                "Nemeia",
                "Orianna",
                "Phelaia",
                "Rieta"
            ],
            "othername": [
                "Art",
                "Carrion",
                "Chant",
                "Creed",
                "Despair",
                "Excellence",
                "Fear",
                "Glory",
                "Hope",
                "Ideal",
                "Music",
                "Nowhere",
                "Open",
                "Poetry",
                "Quest",
                "Random",
                "Reverence",
                "Sorrow",
                "Temerity",
                "Torment",
                "Weary"
            ]
        }
    },
  "apperances": [
    "distinctive jewlery",
    "piercings",
    "flamboyant or outlandish clothes",
    "formal, clean clothes",
    "ragged, dirty clothes",
    "pronounced scar",
    "missing teeth",
    "missing fingers",
    "unusual eye colour",
    "bald",
    "braided beard or hair",
    "unusual hair colour",
    "nervous eye twitch",
    "distinctive nose",
    "distinctive posture",
    "exceptionally beautiful",
    "exceptionally ugly"
  ],
  "professions": [
    "Shopkeep",
    "Tanner",
    "Smith",
    "Fletcher",
    "Hunter",
    "Scribe",
    "Jobless",
    "Knight",
    "Baker",
    "Alchemist",
    "Wizard",
    "Researcher",
    "Farmer",
    "Priest",
    "Jester"
  ],
    "abilites": [
        "strength",
        "dexterity",
        "constitution",
        "intelligence",
        "wisdom",
        "charisma"
    ],
    "talents": [
        "plays a musical instrument",
        "speaks several languages",
        "unbelievably lucky",
        "perfect memory",
        "great with animals",
        "great with children",
        "great at solving puzzles",
        "great at one game",
        "great at impersonations",
        "draws beautifully",
        "paints beautifully",
        "sings beautifully",
        "drinks everyone under the table",
        "expert carpenter",
        "expert cook",
        "expert dart thrower and rock skipper",
        "expert juggler",
        "skilled dancer",
        "knows thieves' cant"
    ],
    "mannerisms": [
        "prone to singing, whistling, or humming quitely",
        "speaks in rhyme or some other peculiar way",
        "particularly low or high voice",
        "slurs words, lisps, or stutters",
        "enunciates overly clearly",
        "speaks loudly",
        "whispers",
        "uses flowery speech or long words",
        "frequently uses the wrong word",
        "uses colourful oaths and exclamations",
        "makes constant jokes or puns",
        "prone to predictions of doom",
        "fidgets",
        "squints",
        "stares into the distance",
        "chews something",
        "paces",
        "taps fingers",
        "bites fingernails",
        "twirls hair or tugs beard"
    ],
    "interactionTraits": [
        "argumentive",
        "arrogant",
        "blustering",
        "rude",
        "curious",
        "friendly",
        "honest",
        "hot tempered",
        "irritable",
        "ponderous",
        "quite",
        "suspicious"
    ],
    "ideals": {
        "lawful": [
            "community",
            "fairness",
            "honor",
            "logic",
            "responsibility",
            "tradition"
        ],
        "neutral": [
            "balance",
            "knowledge",
            "live and let live",
            "moderation",
            "neutrality",
            "people"
        ],
        "chaotic": [
            "change",
            "creativity",
            "freedom",
            "independence",
            "no limits",
            "whimsy"
        ],
        "good": [
            "beautity",
            "charity",
            "greater good",
            "life",
            "respect",
            "self-sacrifice"
        ],
        "undecided": [
            "aspiration",
            "discovery",
            "glory",
            "nation",
            "redemption",
            "self-knowledge"
        ],
        "evil": [
            "domination",
            "greed",
            "might",
            "pain",
            "retribution",
            "slaughter"
        ]
    },
    "bonds": [
        "dedicated to fulfilling a personal life goal",
        "protective of close family members",
        "protective of colleagues or compatriots",
        "loyal to a benefactor, patron, or employer",
        "captivated by a romantic interest",
        "drawn to a special place",
        "protective of a sentimental keepsake",
        "protective of a valuable possession"
    ],
    "flaws": [
        "forbidden love or susceptibility to romance",
        "enjoys decadent pleasures",
        "arrogance",
        "envies another creature's possession or station",
        "overpowering greed",
        "prone to rage",
        "has a powerful enemy",
        "specific phobia",
        "shameful or scandalous history",
        "secret crime or misdeed",
        "possession of forbidden lore",
        "foolhardy bravery",
        "Easily deceived"
    ]
}